{
    "rmse": 141.53490713187637,
    "mae": 106.91565554656904,
    "r2": 0.8903572068134863
}