{
    "rmse": 140.82959120643574,
    "mae": 106.81274849364212,
    "r2": 0.891447257629131
}